timestamp,conversation_id,user_input,model_response,knowledge_updated,knowledge_file
2025-08-08T11:32:51.185337,None,详细解释世界模型,世界模型（World Model）是一种用于模拟和预测环境状态的机器学习框架，通常应用于强化学习和人工智能领域。它通过构建对环境的内部表征，使智能体能够在不直接与真实环境交互的情况下进行学习和决策。

世界模型通常由以下几个关键部分组成：

1. **观察模型（Observation Model）**：负责将环境中的输入（如图像、声音、传感器数据等）转化为智能体可以处理的内部表示。它帮助智能体理解当前所处的状态。

2. **状态转移模型（State Transition Model）**：用于预测在特定动作下环境状态的变化。它使智能体能够模拟不同动作的后果，并据此进行规划。

3. **奖励模型（Reward Model）**：预测在某个状态下执行某个动作后可能获得的奖励。它帮助智能体评估不同决策的价值。

世界模型的一个典型应用场景是在自动驾驶、机器人控制以及游戏AI中。例如，在自动驾驶中，车辆可以通过世界模型预测其他交通参与者的行为，从而做出更安全的驾驶决策。在游戏AI中，智能体可以利用世界模型在虚拟环境中训练自己，以提高在真实环境中的表现。

构建世界模型的一种常见方法是使用神经网络，尤其是递归神经网络（RNN）或变体如长短期记忆网络（LSTM），以处理序列数据并捕捉时间上的依赖关系。此外，结合无监督学习和强化学习技术，智能体可以更高效地学习环境的动态特性。

世界模型的优势在于它能够减少对真实环境的依赖，从而加快学习速度并降低训练成本。然而，构建一个准确且高效的世界模型仍然是一个具有挑战性的问题，尤其是在复杂和动态变化的环境中。,True,
2025-08-08T11:34:57.694883,None,为我详细解释世界模型,世界模型是指对现实世界中的事物、现象、规则及其相互关系进行抽象和描述的框架或系统。它通常用于帮助理解复杂的现实问题，并为决策、预测或模拟提供基础。世界模型可以应用于多个领域，例如人工智能、哲学、社会科学、物理学等。

在人工智能领域，世界模型通常指一种能够模拟环境并预测行为结果的内部表示。例如，在机器学习和强化学习中，智能体（Agent）通过与环境的交互构建对世界的理解，这种理解可以被视为一种世界模型。它帮助智能体预测其行为的后果，并据此做出决策。

在哲学和社会科学中，世界模型可能涉及对人类认知和世界观的研究。它可能包括对文化、价值观、信仰体系以及社会结构的描述和分析。

总的来说，世界模型的核心目标是对复杂现实进行简化和抽象，以便更好地理解和应对现实中的问题。,True,
2025-08-08T11:36:52.249924,None,请你给我详细解释世界模型,抱歉，我目前无法提供关于“世界模型”的详细解释。建议您查阅相关的学术资料或提供更具体的背景信息以便获得更准确的帮助。,True,
2025-08-08T11:54:08.018875,None,解释世界模型,世界模型是指对现实世界中的现象、规律和关系进行抽象描述和表达的框架或系统。它通常用于帮助理解复杂的现实问题，并为决策、预测或模拟提供基础。世界模型可以基于理论、数据或经验构建，广泛应用于人工智能、经济学、物理学、社会科学等领域。例如，在人工智能中，世界模型可用于模拟环境，使智能体能够预测其行为的结果并做出相应决策。,True,
2025-08-08T11:56:41.524556,None,解释世界模型,世界模型是指对现实世界的某种抽象和描述，通常用于帮助理解复杂系统或现象。它可以通过数学、逻辑、图形或其他形式来表达，以便分析、预测或决策。世界模型广泛应用于人工智能、经济学、物理学、社会学等多个领域。具体形式和内容取决于所研究的问题和目标。,True,
2025-08-08T11:58:25.041373,None,解释世界模型,世界模型是指对现实世界中的现象、规律和关系进行抽象描述和表达的框架或结构。它通常用于帮助理解复杂的现实问题，并为决策、预测或模拟提供基础。世界模型可以基于不同的学科视角，如物理学、社会学、经济学或人工智能等领域，构建方式可能包括数学公式、逻辑规则、统计模型或计算机仿真等。在人工智能领域，世界模型常用于帮助智能体理解环境、预测未来状态并制定行动策略。,True,
2025-08-08T12:00:43.445216,None,解释世界模型,世界模型是指对现实世界中的现象、规律和关系进行抽象描述和表达的框架或系统。它通常用于帮助理解复杂的现实问题，并为决策、预测或模拟提供基础。世界模型可以基于不同的方法构建，例如数学模型、统计模型、物理模型或人工智能模型，具体取决于应用场景和目标。在人工智能领域，世界模型可能涉及对环境的感知、状态的推理以及未来变化的预测，从而支持智能体做出合理的行为选择。,True,
2025-08-08T12:03:00.697252,None,解释世界模型,世界模型是指对现实世界中的现象、规律和关系进行抽象描述和模拟的框架或系统。它通常用于帮助理解复杂的现实问题，并为决策、预测或分析提供支持。世界模型可以基于不同的方法构建，例如数学模型、统计模型、计算机仿真或人工智能技术。这些模型在多个领域中被广泛应用，例如气候预测、经济分析、交通规划和游戏设计等。,True,
2025-08-08T13:36:56.236878,None,解释世界模型,世界模型是指对现实世界中的现象、规律和关系进行抽象描述和表达的框架或系统。它通常用于帮助理解复杂的现实问题，并为决策、预测或分析提供支持。世界模型可以基于不同的学科视角，如物理学、社会学、经济学或人工智能等领域，构建方式可能包括数学模型、计算机模拟或概念框架等。

在人工智能领域，世界模型常用于描述智能体对环境的理解，包括如何感知、预测和响应外部变化。这种模型通常涉及状态表示、动态演化规则以及与环境交互的方式。构建一个有效的世界模型需要结合数据、经验和逻辑推理，以尽可能准确地反映现实情况。,True,
2025-08-08T15:53:06.785311,None,解释世界模型,世界模型是指对现实世界中的事物、现象、规则及其相互关系进行抽象和描述的框架或系统。它通常用于帮助理解复杂的现实问题，并为决策、预测或模拟提供基础。世界模型可以基于不同的视角构建，例如物理世界模型关注自然规律和物质交互，而社会世界模型则侧重于人类行为、文化和社会结构。在人工智能领域，世界模型常用于使机器能够更好地理解和适应环境。,True,
2025-08-08T15:53:40.754228,None,解释世界模型,世界模型是指对现实世界的某种抽象和描述，通常用于科学研究、数据分析、人工智能等领域。它可以帮助人们更好地理解复杂现象，预测未来趋势，并做出决策。世界模型可以基于不同的理论框架和方法构建，例如数学模型、统计模型、物理模型等。在人工智能领域，世界模型常用于模拟环境，使智能体能够通过学习与环境的交互来提高任务完成能力。,True,
2025-08-08T16:51:54.873186,None,世界模型是什么,世界模型是指对现实世界进行抽象和描述的一种方式，通常用于模拟、预测和理解复杂系统的行为。它可以在不同领域有不同的应用，例如物理学、经济学、人工智能等。在人工智能领域，世界模型可以用于帮助智能体理解环境、做出决策和规划未来行动。,True,
2025-08-08T17:06:32.841228,None,世界模型是什么,世界模型是对现实世界现象、规律和关系的抽象描述，旨在帮助理解复杂问题，并支持决策、预测和模拟。这种模型可以通过不同的学科视角构建，例如物理或社会科学，并利用数学模型、计算机模拟或概念框架等方法。在人工智能领域，世界模型用于描述智能体对环境的理解，包括状态表示、动态演化规则以及与环境的交互，从而提升机器对环境的理解和适应能力。,True,
2025-08-08T18:41:06.338951,None,给我详细介绍机器学习,机器学习是人工智能的一个分支，其核心理念是让计算机通过分析数据来学习规律，并据此做出预测或决策，而无需依赖明确的程序指令去完成特定任务。

在机器学习中，常见的学习方法可以分为三类：

1. **监督学习**：这种方法使用带有标签的数据进行训练，模型通过学习输入与对应标签之间的映射关系，实现对新数据的预测。常见的应用包括分类和回归问题。

2. **无监督学习**：与监督学习不同，无监督学习处理的是没有标签的数据，其目标是从数据中发现潜在的结构或模式。聚类和降维是其典型应用场景。

3. **强化学习**：这种学习方式强调与环境的交互，模型通过尝试不同的行为并根据环境反馈的奖励信号来学习最优策略。它在决策制定和动态环境中表现尤为突出。

此外，机器学习中还有一个重要的分支是**深度学习**，它是机器学习的一个子领域，主要依赖于多层神经网络来模拟人脑对信息的处理方式。深度学习在图像识别、自然语言处理等领域取得了显著成果，其优势在于能够自动从原始数据中提取特征，但通常需要大量的数据支持训练过程。,True,
2025-08-08T19:07:09.532534,None,请给我详细解释深度学习,深度学习是一种特殊的机器学习方法，它的核心在于模拟人脑处理信息的方式。这种方法依赖于一种称为“神经网络”的结构，这种结构由多个层次组成，每一层都可以提取数据的不同特征。深度学习的优势在于它能够自动从数据中提取有用的特征，而不需要人工设计这些特征。

此外，深度学习在许多领域都取得了显著的成功，尤其是在图像识别和自然语言处理方面。然而，这种技术也有其局限性，比如需要大量的数据来进行训练，以便模型能够准确地识别模式或做出预测。,True,
2025-08-08T19:47:27.087723,None,你知道 MCP 是什么吗,根据提供的信息，没有关于“MCP”的具体定义或解释。如果你有更多上下文或具体领域的信息，我可以尝试进一步帮助你。,True,
2025-08-08T20:04:48.873506,None,给我详细介绍 MCP 这个概念,目前没有关于 "MCP" 的相关信息在提供的上下文中。如果你有更具体的背景或领域，请进一步说明，以便我提供更准确的信息。,True,
2025-08-08T21:30:47.354386,None,给我阐述云计算的概念,云计算是一种通过互联网提供计算资源（如服务器、存储、数据库、网络、软件等）的技术。它允许用户按需访问这些资源，而无需拥有或维护物理硬件。云计算的主要优势包括可扩展性、成本效益以及能够从任何地点访问服务。根据不同的需求，云计算服务可以分为三大类：基础设施即服务(IaaS)、平台即服务(PaaS)和软件即服务(SaaS)。,True,
