timestamp,user_input,model_response,improvement_strategy,summary
2025-08-07T18:02:51.061064,请给我详细解释世界模型以及世界模型的最新研究进展,"世界模型是一种人工智能系统，它通过学习环境中的数据来构建对世界的内部表示，从而能够预测未来状态、理解当前情境并做出决策。这类模型通常用于自动驾驶、机器人、游戏和虚拟助手等领域。世界模型的核心思想是将外部环境的复杂性转化为一个紧凑且可操作的表示形式，以便进行高效的推理和规划。

世界模型的基本组成部分包括：

1. **感知模块**：负责从传感器数据中提取有用的信息，例如图像、声音或触觉输入。
2. **状态表示模块**：将感知到的信息转化为一个抽象的状态表示，这个表示通常包含环境的关键特征。
3. **预测模块**：基于当前状态预测未来的状态，这可以通过递归神经网络（RNN）、变换器（Transformer）或其他时间序列建模技术实现。
4. **决策模块**：根据预测的状态做出决策或生成动作。

近年来，世界模型的研究取得了显著进展。以下是一些最新的研究方向和成果：

- **基于变换器的世界模型**：研究人员开始使用变换器架构来构建世界模型，因为它们在处理长序列数据和捕捉全局依赖关系方面表现出色。这些模型可以更好地处理复杂的环境动态。

- **强化学习与世界模型的结合**：通过将世界模型与强化学习相结合，智能体可以在模拟环境中进行训练，从而减少在真实环境中的试错次数。这种方法在游戏和机器人控制中取得了成功。

- **多模态世界模型**：为了更全面地理解环境，研究人员正在开发能够处理多种感官输入（如视觉、听觉和语言）的多模态世界模型。这种模型可以更好地模拟人类的认知过程。

- **因果推理与世界模型**：一些研究致力于将因果推理引入世界模型中，以提高模型对环境的理解能力和泛化能力。通过学习因果关系，模型可以更好地应对未见过的情境。

- **轻量化与实时性**：随着世界模型在实际应用中的需求增加，研究人员也在探索如何使这些模型更加轻量化和实时化，以便在资源受限的设备上运行。

总之，世界模型是一个快速发展的研究领域，其目标是让人工智能系统能够更高效地理解和适应复杂多变的环境。随着计算能力的提升和算法的改进，世界模型在未来的应用前景非常广阔。",需要更好的理解用户意图,反思失败
2025-08-08T11:33:03.615683,详细解释世界模型,"世界模型（World Model）是一种用于模拟和预测环境状态的机器学习框架，通常应用于强化学习和人工智能领域。它通过构建对环境的内部表征，使智能体能够在不直接与真实环境交互的情况下进行学习和决策。

世界模型通常由以下几个关键部分组成：

1. **观察模型（Observation Model）**：负责将环境中的输入（如图像、声音、传感器数据等）转化为智能体可以处理的内部表示。它帮助智能体理解当前所处的状态。

2. **状态转移模型（State Transition Model）**：用于预测在特定动作下环境状态的变化。它使智能体能够模拟不同动作的后果，并据此进行规划。

3. **奖励模型（Reward Model）**：预测在某个状态下执行某个动作后可能获得的奖励。它帮助智能体评估不同决策的价值。

世界模型的一个典型应用场景是在自动驾驶、机器人控制以及游戏AI中。例如，在自动驾驶中，车辆可以通过世界模型预测其他交通参与者的行为，从而做出更安全的驾驶决策。在游戏AI中，智能体可以利用世界模型在虚拟环境中训练自己，以提高在真实环境中的表现。

构建世界模型的一种常见方法是使用神经网络，尤其是递归神经网络（RNN）或变体如长短期记忆网络（LSTM），以处理序列数据并捕捉时间上的依赖关系。此外，结合无监督学习和强化学习技术，智能体可以更高效地学习环境的动态特性。

世界模型的优势在于它能够减少对真实环境的依赖，从而加快学习速度并降低训练成本。然而，构建一个准确且高效的世界模型仍然是一个具有挑战性的问题，尤其是在复杂和动态变化的环境中。",需要更好的理解用户意图,反思失败
2025-08-08T11:36:57.807615,请你给我详细解释世界模型,抱歉，我目前无法提供关于“世界模型”的详细解释。建议您查阅相关的学术资料或提供更具体的背景信息以便获得更准确的帮助。,在面对用户提出的专业术语时，首先尝试提供一个广泛接受的定义或者简要介绍，即使不能完全覆盖所有细节。如果确实不确定具体含义或应用领域，可以询问用户是希望了解哪个领域的‘世界模型’，例如计算机科学、哲学还是物理学等，这样可以帮助缩小范围，提供更加针对性的回答。,本次回应过于直接地拒绝了用户的请求，没有充分利用已有的知识库去尝试给出初步的解答或引导。未来应该更加积极主动地与用户互动，通过提问等方式获取更多信息，以提高服务质量和用户体验。
2025-08-08T11:54:19.383377,解释世界模型,世界模型是指对现实世界中的现象、规律和关系进行抽象描述和表达的框架或系统。它通常用于帮助理解复杂的现实问题，并为决策、预测或模拟提供基础。世界模型可以基于理论、数据或经验构建，广泛应用于人工智能、经济学、物理学、社会科学等领域。例如，在人工智能中，世界模型可用于模拟环境，使智能体能够预测其行为的结果并做出相应决策。,在解释复杂概念时，应考虑分层次逐步深入，首先给出简明扼要的定义，然后根据用户的背景知识水平适当展开讨论。此外，可以增加实例说明，使抽象的概念更加具体化，便于用户理解和记忆。同时，可以询问用户是否有特定领域的需求，以便提供更精准的信息。,整体而言，虽然当前的回答已经提供了较为全面的世界模型定义及其应用领域的概述，但为了提高用户体验和信息吸收效率，有必要优化回答结构，增强互动性和针对性，使回答更加贴近用户实际需求。
2025-08-08T11:56:46.308268,解释世界模型,世界模型是指对现实世界的某种抽象和描述，通常用于帮助理解复杂系统或现象。它可以通过数学、逻辑、图形或其他形式来表达，以便分析、预测或决策。世界模型广泛应用于人工智能、经济学、物理学、社会学等多个领域。具体形式和内容取决于所研究的问题和目标。,为了更好地满足用户的需求，可以在回答中加入更具体的例子来解释世界模型的应用场景，使概念更加直观易懂。同时，可以根据用户的背景信息调整语言的复杂度，确保用户能够理解。,虽然当前的回答准确地定义了世界模型并概述了其应用范围，但缺乏具体实例可能会让初次接触这一概念的用户感到困惑。通过增加实例和简化语言，可以提高回答的可理解性和实用性。
2025-08-08T11:58:37.189349,解释世界模型,世界模型是指对现实世界中的现象、规律和关系进行抽象描述和表达的框架或结构。它通常用于帮助理解复杂的现实问题，并为决策、预测或模拟提供基础。世界模型可以基于不同的学科视角，如物理学、社会学、经济学或人工智能等领域，构建方式可能包括数学公式、逻辑规则、统计模型或计算机仿真等。在人工智能领域，世界模型常用于帮助智能体理解环境、预测未来状态并制定行动策略。,为了提高用户的理解度，可以在解释中加入具体的例子来说明世界模型的应用场景，例如在经济学中的市场预测模型或者在自动驾驶技术中的环境感知模型。此外，可以询问用户对哪个领域的世界模型感兴趣，以便提供更加针对性的信息。,虽然提供的定义是准确且全面的，但可能对于不具备相关背景知识的用户来说，信息量较大且较为抽象。通过增加实例和互动性，可以使解释更加直观易懂，提高用户满意度。
2025-08-08T12:00:47.994873,解释世界模型,世界模型是指对现实世界中的现象、规律和关系进行抽象描述和表达的框架或系统。它通常用于帮助理解复杂的现实问题，并为决策、预测或模拟提供基础。世界模型可以基于不同的方法构建，例如数学模型、统计模型、物理模型或人工智能模型，具体取决于应用场景和目标。在人工智能领域，世界模型可能涉及对环境的感知、状态的推理以及未来变化的预测，从而支持智能体做出合理的行为选择。,虽然解释涵盖了世界模型的基本定义及其应用范围，但可以进一步简化语言以提高可读性，并通过具体例子来增强理解。此外，可以询问用户对哪个特定领域的世界模型感兴趣，以便提供更加针对性的信息。,整体上，回答内容全面且准确，但在用户友好性和信息具体化方面有提升空间。通过增加实例说明和互动性，可以更好地满足不同背景用户的理解需求。
2025-08-08T12:03:07.967425,解释世界模型,世界模型是指对现实世界中的现象、规律和关系进行抽象描述和模拟的框架或系统。它通常用于帮助理解复杂的现实问题，并为决策、预测或分析提供支持。世界模型可以基于不同的方法构建，例如数学模型、统计模型、计算机仿真或人工智能技术。这些模型在多个领域中被广泛应用，例如气候预测、经济分析、交通规划和游戏设计等。,虽然当前的回答已经涵盖了世界模型的基本定义及其应用领域，但为了提高用户的理解度和兴趣，可以考虑加入具体的例子来说明世界模型的应用场景。此外，还可以简要介绍一些世界模型的具体类型，如物理模型、概念模型等，以丰富用户的知识面。,整体而言，当前的回答较为全面地介绍了世界模型的概念和用途，但在具体性和生动性方面仍有提升空间。通过增加实例和扩展信息，可以使回答更加吸引人，有助于加深用户对这一主题的理解。
2025-08-08T13:37:04.424675,解释世界模型,"世界模型是指对现实世界中的现象、规律和关系进行抽象描述和表达的框架或系统。它通常用于帮助理解复杂的现实问题，并为决策、预测或分析提供支持。世界模型可以基于不同的学科视角，如物理学、社会学、经济学或人工智能等领域，构建方式可能包括数学模型、计算机模拟或概念框架等。

在人工智能领域，世界模型常用于描述智能体对环境的理解，包括如何感知、预测和响应外部变化。这种模型通常涉及状态表示、动态演化规则以及与环境交互的方式。构建一个有效的世界模型需要结合数据、经验和逻辑推理，以尽可能准确地反映现实情况。",虽然当前的回答已经提供了关于世界模型的详细解释，但是可以进一步简化语言，使其更加通俗易懂，同时增加一些具体的例子来帮助用户更好地理解这个概念。例如，在提到不同领域的世界模型时，可以具体说明物理学家如何使用数学公式来建立模型，或者经济学家如何通过市场行为数据构建经济模型。,整体而言，回答内容详尽且具有一定的深度，但考虑到用户的背景知识可能有限，适当简化术语和添加实例将有助于提高信息的可理解性和实用性。
2025-08-08T15:53:15.200784,解释世界模型,世界模型是指对现实世界中的事物、现象、规则及其相互关系进行抽象和描述的框架或系统。它通常用于帮助理解复杂的现实问题，并为决策、预测或模拟提供基础。世界模型可以基于不同的视角构建，例如物理世界模型关注自然规律和物质交互，而社会世界模型则侧重于人类行为、文化和社会结构。在人工智能领域，世界模型常用于使机器能够更好地理解和适应环境。,虽然提供的解释涵盖了世界模型的基本定义和应用范围，但可以进一步细化以提高用户的理解度。例如，可以通过添加具体的例子来说明不同类型的模型如何应用于实际场景中，如物理世界模型中的牛顿力学定律，或者社会世界模型中的经济学理论。此外，还可以简要提及构建世界模型的方法论和技术，以及它们在现代科技中的重要性。,总体而言，当前的回答已经为用户提供了关于世界模型的一个全面概述。然而，为了增强信息的可消化性和实用性，适当增加具体实例和技术细节将有助于用户更深刻地理解这一概念。
2025-08-08T15:53:45.844034,解释世界模型,世界模型是指对现实世界的某种抽象和描述，通常用于科学研究、数据分析、人工智能等领域。它可以帮助人们更好地理解复杂现象，预测未来趋势，并做出决策。世界模型可以基于不同的理论框架和方法构建，例如数学模型、统计模型、物理模型等。在人工智能领域，世界模型常用于模拟环境，使智能体能够通过学习与环境的交互来提高任务完成能力。,为了提供更具体和实用的信息，可以在解释世界模型时加入一些实际的例子，如天气预报模型、经济模型等，以及它们如何帮助解决现实生活中的问题。此外，可以根据用户背景调整解释的专业程度，确保信息既准确又易于理解。,整体上，当前的回答已经很好地概述了世界模型的概念及其应用领域，但可以通过增加实例和考虑用户的背景知识来进一步提升回答的质量，使其更加生动且具有针对性。
2025-08-08T16:52:03.086987,世界模型是什么,世界模型是指对现实世界进行抽象和描述的一种方式，通常用于模拟、预测和理解复杂系统的行为。它可以在不同领域有不同的应用，例如物理学、经济学、人工智能等。在人工智能领域，世界模型可以用于帮助智能体理解环境、做出决策和规划未来行动。,需要更好的理解用户意图,反思失败
2025-08-08T17:06:42.367297,世界模型是什么,世界模型是对现实世界现象、规律和关系的抽象描述，旨在帮助理解复杂问题，并支持决策、预测和模拟。这种模型可以通过不同的学科视角构建，例如物理或社会科学，并利用数学模型、计算机模拟或概念框架等方法。在人工智能领域，世界模型用于描述智能体对环境的理解，包括状态表示、动态演化规则以及与环境的交互，从而提升机器对环境的理解和适应能力。,需要更好的理解用户意图,反思失败
2025-08-08T18:41:10.844434,给我详细介绍机器学习,"机器学习是人工智能的一个分支，其核心理念是让计算机通过分析数据来学习规律，并据此做出预测或决策，而无需依赖明确的程序指令去完成特定任务。

在机器学习中，常见的学习方法可以分为三类：

1. **监督学习**：这种方法使用带有标签的数据进行训练，模型通过学习输入与对应标签之间的映射关系，实现对新数据的预测。常见的应用包括分类和回归问题。

2. **无监督学习**：与监督学习不同，无监督学习处理的是没有标签的数据，其目标是从数据中发现潜在的结构或模式。聚类和降维是其典型应用场景。

3. **强化学习**：这种学习方式强调与环境的交互，模型通过尝试不同的行为并根据环境反馈的奖励信号来学习最优策略。它在决策制定和动态环境中表现尤为突出。

此外，机器学习中还有一个重要的分支是**深度学习**，它是机器学习的一个子领域，主要依赖于多层神经网络来模拟人脑对信息的处理方式。深度学习在图像识别、自然语言处理等领域取得了显著成果，其优势在于能够自动从原始数据中提取特征，但通常需要大量的数据支持训练过程。",需要更好的理解用户意图,反思失败
2025-08-08T19:07:16.377640,请给我详细解释深度学习,"深度学习是一种特殊的机器学习方法，它的核心在于模拟人脑处理信息的方式。这种方法依赖于一种称为“神经网络”的结构，这种结构由多个层次组成，每一层都可以提取数据的不同特征。深度学习的优势在于它能够自动从数据中提取有用的特征，而不需要人工设计这些特征。

此外，深度学习在许多领域都取得了显著的成功，尤其是在图像识别和自然语言处理方面。然而，这种技术也有其局限性，比如需要大量的数据来进行训练，以便模型能够准确地识别模式或做出预测。",虽然当前的回答提供了一个关于深度学习的基本定义及其应用领域的概述，但可以进一步增强回答的详细性和实用性。例如，可以通过引入具体的例子来说明深度学习的应用场景，如自动驾驶汽车如何使用深度学习进行障碍物检测；或者介绍一些常用的深度学习框架（如TensorFlow、PyTorch）以帮助初学者了解入门途径。此外，对于提到的技术局限性，也可以给出具体案例，比如数据隐私问题、过拟合等，从而让回答更加全面。,整体而言，现有的回答已经很好地概述了深度学习的概念与特点，但在实际应用示例、技术工具推荐以及潜在挑战的具体阐述上还有提升空间。通过增加这些内容，可以使回答对不同背景的用户来说更具启发性和指导意义。
2025-08-08T19:47:33.892765,你知道 MCP 是什么吗,根据提供的信息，没有关于“MCP”的具体定义或解释。如果你有更多上下文或具体领域的信息，我可以尝试进一步帮助你。,在面对类似问题时，可以先提供一个广泛接受的定义或最常见的含义，然后再询问用户是否需要特定领域内的解释。例如：MCP 可以指多种概念，如'Master Control Program'（主控程序）在计算机科学中，或者'Multi-Channel Plate'（多通道板）在物理学中。您提到的MCP是指哪一个领域的内容呢？,整体来看，最初的回应虽然谨慎但缺乏主动性，未能充分利用已知的知识库来给出初步答案。通过首先提供常见的定义，不仅可以展示模型的知识广度，还能更有效地引导对话向用户真正关心的方向发展。
2025-08-08T20:04:59.304056,给我详细介绍 MCP 这个概念,"目前没有关于 ""MCP"" 的相关信息在提供的上下文中。如果你有更具体的背景或领域，请进一步说明，以便我提供更准确的信息。",在面对用户询问特定术语或概念时，即使当前信息不足以给出详细回答，也应尝试提供一些基础的、普遍接受的定义或解释，并询问用户是否指的是某个特定领域的MCP。例如，可以先说：'MCP可能指的是多种概念，如微处理器（Microprocessor Control Program）、多计算平台（Multi-Computing Platform）等。您能告诉我您具体是想了解哪个领域的MCP吗？',整体上，模型在面对不明确的问题时，应更加积极主动地提供可能的解释方向，并引导用户提供更多有用信息，以提高后续交流的质量和准确性。
2025-08-08T21:30:51.831821,给我阐述云计算的概念,云计算是一种通过互联网提供计算资源（如服务器、存储、数据库、网络、软件等）的技术。它允许用户按需访问这些资源，而无需拥有或维护物理硬件。云计算的主要优势包括可扩展性、成本效益以及能够从任何地点访问服务。根据不同的需求，云计算服务可以分为三大类：基础设施即服务(IaaS)、平台即服务(PaaS)和软件即服务(SaaS)。,在解释概念时，除了提供基本定义外，还可以加入一些实际应用的例子来帮助用户更好地理解。此外，对于初学者来说，使用更加通俗易懂的语言可能会更受欢迎。最后，可以询问用户是否有特定方面的需求或者疑问，以便进一步深化讨论。,虽然当前的回答已经涵盖了云计算的基本概念及其分类，但是为了提高用户体验和信息接收效率，我们应当考虑增加实例说明、简化语言表达，并且主动引导对话向更深层次发展。
2025-08-09T11:31:59.374825,知识库,知识库包含自然语言处理（NLP）和深度学习的相关信息。NLP是计算机科学和人工智能的一个分支，专注于计算机与人类语言之间的交互，其主要应用包括机器翻译、情感分析、文本摘要和问答系统。深度学习则是机器学习的一个子领域，使用多层神经网络模拟人脑处理信息的方式，具有自动提取特征、在图像识别和自然语言处理等领域表现优异、以及需要大量数据进行训练的特点。,需要更好的理解用户意图,反思失败
2025-08-09T11:55:40.712840,蛋炒饭怎么做,"制作蛋炒饭的步骤如下：

1. 准备隔夜饭一碗，鸡蛋两个，葱花、盐、酱油、食用油适量。
2. 将鸡蛋打入碗中，搅拌均匀。
3. 热锅凉油，倒入鸡蛋液，快速划散至半熟状态盛出备用。
4. 锅中再加少许油，放入葱花爆香。
5. 加入隔夜饭翻炒，用铲子压散饭团。
6. 将炒好的鸡蛋倒回锅中，与米饭混合均匀。
7. 加入适量盐、少许酱油调味，继续翻炒均匀即可出锅。

注意：米饭最好选用隔夜饭，炒出来的饭更松散可口。",在回答菜谱类问题时，可以增加一些额外的小贴士或变化选项，例如不同的调味品选择（如加入胡椒粉、鸡精等），或者提供一些常见问题及解决方法（如饭太湿怎么办）。这样不仅能帮助用户更好地完成菜品制作，还能让用户感受到更贴心的服务。,虽然当前的回答已经很详细地介绍了蛋炒饭的基本做法，但为了提升用户体验和信息丰富度，可以在答案中加入更多实用性和趣味性的内容。通过增加一些小技巧和变通方案，可以让回答更加全面，满足不同用户的个性化需求。
2025-08-09T11:56:09.503498,蛋炒饭怎么做,由于当前问题与提供的上下文信息无关，我无法根据上下文提供相关回答。请参考其他资源获取蛋炒饭的做法。,需要更好的理解用户意图,反思失败
2025-08-09T12:13:25.311152,你好,你好！有什么我可以帮助你的吗？,在用户初次打招呼时，除了回应问候和询问是否需要帮助外，还可以尝试提供一些主动的服务选项或信息，以展现更积极主动的服务态度。例如：'你好！很高兴见到你，如果你有任何问题或需要任何帮助，比如了解我们的产品、服务介绍或是遇到技术难题，都可以随时告诉我哦！',在保持礼貌友好基础上，通过增加具体的服务内容提示，可以更好地引导对话发展，让用户感受到更加贴心周到的服务体验。同时，这也为后续交流打开了更多可能性，有助于建立良好的沟通氛围。
2025-08-09T12:14:43.022127,辣椒炒肉,辣椒炒肉是一道常见的中式菜肴，主要用辣椒和猪肉（通常为瘦肉）炒制而成。这道菜口味鲜香辣爽，富含蛋白质和维生素，是许多地方餐桌上的家常菜。制作时可根据个人口味调整辣度和配料。,在提供基本信息的同时，可以增加一些实用的烹饪技巧或步骤建议，比如如何切肉、如何处理辣椒等，以提高用户的参与感和满意度。此外，还可以询问用户是否对特定食材或调料有偏好，以便提供更加个性化的建议。,虽然当前的回答已经提供了关于辣椒炒肉的基本信息，但为了更好地满足用户需求，可以在实用性、互动性和个性化方面进一步优化。通过加入具体的烹饪指导和开放性问题引导用户分享更多信息，不仅能够提升用户体验，也能促进更深入的交流。
2025-08-09T12:15:44.156987,辣椒炒肉,辣椒炒肉是一道常见的中式家常菜，主要由辣椒和猪肉（多为瘦肉）炒制而成，口感鲜香辣爽，营养丰富，含有较多的蛋白质和维生素。根据个人口味，可调整辣度及添加其他配料。,需要更好的理解用户意图,反思失败
2025-08-09T13:33:49.125654,你好,你好！有什么我可以帮助你的吗？,在初次问候时，可以增加更多的情感元素和个性化内容，例如根据时间（早上、下午、晚上）调整问候语，或者加入一些轻松愉快的开场白，以提高用户的交流体验。例如：'嗨！早上好，希望你今天过得愉快。有什么我可以帮到你的吗？',虽然当前的回答已经达到了基本的礼貌性和功能性要求，但是为了进一步提升用户体验，模型的回应应该更加人性化和情感化，让对话更加自然流畅。通过引入时间和场景等变量，可以使问候语更加贴近用户的真实感受，从而建立更好的互动关系。
2025-08-09T13:34:33.772793,辣椒炒肉,辣椒与肉的炒制菜肴是一道常见的中式菜品，主要材料为辣椒和肉类（如猪肉、牛肉或鸡肉）。制作时通常先将肉切片或切丝腌制，再与切好的辣椒一同翻炒，加入适量调料（如酱油、盐、料酒、姜蒜等）提味。这道菜口感鲜香，微辣开胃，适合搭配米饭食用。常见的变种有青椒肉丝、辣子鸡丁等。,需要更好的理解用户意图,反思失败
2025-08-09T13:35:30.512671,辣椒炒肉,辣椒与肉的炒制菜肴是一道常见的中式菜品，主要材料为辣椒和肉类（如猪肉、牛肉或鸡肉）。制作时通常先将肉切片或切丝腌制，再与切好的辣椒一同翻炒，加入适量调料（如酱油、盐、料酒、姜蒜等）提味。这道菜口感鲜香，微辣开胃，适合搭配米饭食用。常见变种有青椒肉丝、辣子鸡丁等。,在回答用户关于具体菜品的问题时，可以增加互动性，比如询问用户喜欢哪种肉类或者是否偏好特定的调味品，使对话更加个性化和贴近用户的实际需求。此外，还可以提供一些简单的烹饪技巧或小贴士，增加信息的实用性和趣味性。,虽然模型的回答提供了关于辣椒炒肉的基本信息和制作方法，但缺乏与用户的互动性和个性化的建议。通过增强对话的互动性和实用性，可以更好地满足用户的需求，提升用户体验。
2025-08-09T13:44:13.033347,辣椒炒肉,青椒炒肉是一道常见的中式菜肴，主要食材为青椒和肉类（如猪肉、牛肉或鸡肉），通过快炒的方式制作而成。这道菜色香味美，口感鲜嫩，是家常菜中的经典之一。,在用户的输入为'辣椒炒肉'时，模型直接假设用户指的是'青椒炒肉'并进行了介绍。这种处理方式可能会导致信息不准确或不符合用户的实际需求。为了提高回答的相关性和准确性，模型应该首先确认用户具体指的是哪种类型的辣椒炒肉，例如是否特指青椒炒肉还是可以包括其他种类的辣椒（如红椒、小米椒等）。此外，也可以询问用户是否想要了解具体的烹饪方法、所需的材料或者营养成分等相关信息。,本次回答中，模型未能充分理解用户的具体需求，存在一定的假设性错误。未来应加强对于用户意图的理解，并采取更灵活的提问方式来获取更多信息，以提供更加精准和个性化的服务。
2025-08-09T14:11:51.891010,辣椒炒肉,青椒炒肉是一道常见的中式菜肴，主要食材为青椒和肉类（通常为猪肉、牛肉或鸡肉）。这道菜色香味美，口感鲜嫩，常用于家常烹饪或餐馆菜品。制作时通常将肉切片腌制，青椒切丝或片，通过高温快炒的方式制作而成，调味简单，突出食材本味。,需要更好的理解用户意图,反思失败
2025-08-09T14:19:57.465750,你好,你好！有什么我可以帮助你的吗？,为了使响应更加自然和友好，可以考虑加入更多的情感表达，例如使用更丰富的表情符号或更加个性化的问候语。此外，可以根据用户的历史交互记录来定制化问候，以提高用户的体验感。,虽然当前的回答已经能够满足基本的礼貌性回应，但是通过增加情感表达和个性化元素，可以使对话更加生动、亲切，从而更好地吸引用户并提升用户体验。
2025-08-09T14:20:59.038265,你好,你好！有什么我可以帮助你的吗？,在用户首次打招呼时，除了回应问候和询问是否需要帮助外，还可以根据场景增加一些温馨的问候语或轻松的话题，以增强互动性和亲和力。例如：'你好！今天天气不错，希望你的心情也一样美好。有什么我可以帮助你的吗？',整体来看，当前的回答策略已经能够基本满足用户初次交流的需求，但为了进一步提升用户体验，可以在保持专业性的同时增加一些人性化的元素，让交流更加自然流畅。
2025-08-09T22:10:35.171410,怎么快速升职加薪,提升职业发展的关键在于持续学习与技能提升、积极主动的工作态度、良好的人际关系建立以及明确的职业规划。通过不断掌握新技能，承担更多责任，与同事和上级保持良好沟通，同时设定清晰的职业目标，可以有效推动职位晋升和薪资增长。,在回答用户关于如何快速升职加薪的问题时，除了提供一般性的建议外，还可以结合用户的行业背景和个人情况给出更具针对性的建议。例如，如果用户是技术行业的工程师，可以建议其关注最新的技术趋势，参加相关的培训或认证考试；如果是销售岗位，则可以强调提高销售技巧和服务意识的重要性。此外，还可以提供一些实用的工具或资源链接，帮助用户更高效地实现职业发展目标。,总体而言，虽然模型的回答涵盖了职业发展的重要方面，但缺乏针对特定行业或个人情况的具体指导。为了更好地满足用户需求，未来的回答应更加注重个性化和实用性，提供更加具体、可操作的建议和支持。
2025-08-09T23:14:15.936550,给我写一份 3000 字的计算机职业生涯规划书,"由于当前提供的信息有限，我将基于已有信息提供一个框架性建议，供您进一步扩展。

---

**计算机职业发展规划书**

一、引言  
简要介绍计算机行业的快速发展趋势及其对社会的重要影响，说明职业规划的必要性与意义。

二、自我分析  
1. 当前技能水平：包括编程能力、算法基础、对计算机系统与理论的理解等。  
2. 兴趣方向：如人工智能、数据科学、软件开发、网络安全等领域。  
3. 职业目标：短期目标（1-3年）、中期目标（3-5年）、长期愿景（5年以上）。

三、行业趋势分析  
1. 人工智能与机器学习：包括监督学习、无监督学习和强化学习的应用场景。  
2. 自然语言处理：如机器翻译、情感分析、问答系统等技术的前景。  
3. 数据驱动决策：大数据分析与云计算的发展。  
4. 软件工程与系统架构：持续集成、DevOps、微服务等趋势。

四、职业路径选择  
1. 技术路线：如算法工程师、NLP工程师、数据科学家。  
2. 管理路线：如技术经理、产品经理、CTO。  
3. 创业路线：结合技术优势与市场需求，探索创新项目。

五、学习与成长计划  
1. 短期计划（1-2年）：  
   - 学习编程语言（如Python、Java）  
   - 掌握数据结构与算法  
   - 参与项目实践（如开源项目、实习）  

2. 中期计划（2-5年）：  
   - 深入学习机器学习与自然语言处理  
   - 获取相关认证（如AWS、Google Cloud、TensorFlow）  
   - 提升团队协作与沟通能力  

3. 长期计划（5年以上）：  
   - 成为某一领域的专家或领导者  
   - 参与行业会议与技术分享  
   - 推动技术创新与行业应用  

六、资源与支持  
1. 在线学习平台（如Coursera、Udacity）  
2. 行业社群与技术论坛  
3. 导师与同行交流  

七、总结  
强调持续学习与适应变化的重要性，明确职业目标并制定可执行的步骤。

--- 

您可以根据自身情况进一步补充细节，扩展为完整的3000字规划书。",需要更好的理解用户意图,反思失败
2025-08-09T23:28:59.019945,python 二叉树代码,根据当前提供的上下文信息，并不包含关于Python实现二叉树的数据结构相关内容。因此，无法基于给定上下文提供答案。,需要更好的理解用户意图,反思失败
2025-08-09T23:39:31.331262,请提供Python实现二叉树数据结构的代码示例,"以下是一个使用Python实现二叉树数据结构的简单示例：

```python
class Node:
    def __init__(self, value):
        self.left = None
        self.right = None
        self.value = value

class BinaryTree:
    def __init__(self):
        self.root = None

    def insert(self, value):
        if self.root is None:
            self.root = Node(value)
        else:
            self._insert_recursive(self.root, value)

    def _insert_recursive(self, node, value):
        if value < node.value:
            if node.left is None:
                node.left = Node(value)
            else:
                self._insert_recursive(node.left, value)
        else:
            if node.right is None:
                node.right = Node(value)
            else:
                self._insert_recursive(node.right, value)

    def in_order_traversal(self, node):
        if node:
            self.in_order_traversal(node.left)
            print(node.value)
            self.in_order_traversal(node.right)

# 示例用法
tree = BinaryTree()
tree.insert(5)
tree.insert(3)
tree.insert(7)
tree.insert(2)
tree.insert(4)

tree.in_order_traversal(tree.root)
```

该代码定义了一个简单的二叉树结构，支持插入节点和中序遍历输出。",可以进一步解释二叉树的基本概念、代码中的关键部分（如递归插入方法的工作原理）以及可能的应用场景。此外，还可以提供其他类型的遍历方法（前序遍历、后序遍历等），并简要说明它们的区别。最后，建议提供一些测试用例来验证代码的正确性。,虽然当前的回答已经提供了实现二叉树数据结构的完整代码示例，但为了提高用户的理解和应用能力，可以在技术细节上做更深入的讲解，并增加一些实用的扩展内容。这不仅有助于用户更好地掌握二叉树的概念，还能增强他们解决实际问题的能力。
2025-08-09T23:41:23.674501,请提供Python实现二叉树数据结构的代码示例,"以下是一个使用Python实现二叉树数据结构的简单示例：

```python
class Node:
    def __init__(self, value):
        self.left = None
        self.right = None
        self.value = value

class BinaryTree:
    def __init__(self):
        self.root = None

    def insert(self, value):
        if self.root is None:
            self.root = Node(value)
        else:
            self._insert_recursive(self.root, value)

    def _insert_recursive(self, node, value):
        if value < node.value:
            if node.left is None:
                node.left = Node(value)
            else:
                self._insert_recursive(node.left, value)
        else:
            if node.right is None:
                node.right = Node(value)
            else:
                self._insert_recursive(node.right, value)

    def in_order_traversal(self, node):
        if node:
            self.in_order_traversal(node.left)
            print(node.value)
            self.in_order_traversal(node.right)

# 示例用法
tree = BinaryTree()
tree.insert(5)
tree.insert(3)
tree.insert(7)
tree.insert(2)
tree.insert(4)

tree.in_order_traversal(tree.root)
```

该代码定义了一个简单的二叉树结构，支持插入节点和中序遍历输出。",在提供代码示例时，可以增加对代码功能和实现细节的解释，帮助用户更好地理解。例如，可以简要说明每个类和方法的作用，以及如何使用这些方法构建和操作二叉树。此外，还可以提供更多的操作示例，如删除节点、查找节点等，以展示二叉树的更多功能。,虽然提供的代码示例能够满足用户的基本需求，但为了提高用户体验，应该更加注重代码的可读性和易用性。通过增加必要的注释和解释，可以帮助用户更快地理解和掌握所提供的代码。同时，扩展代码的功能范围也能让用户获得更全面的学习体验。
2025-08-09T23:57:39.746482,写一段 python 二叉树代码,"请明确您需要实现二叉树的哪项操作，例如：

- 创建二叉树  
- 前序、中序或后序遍历  
- 查找特定节点  
- 插入新节点  
- 删除节点  

选择具体需求后，我可以为您提供对应的实现思路或代码示例。",在用户请求较为宽泛时，可以先提供一个基础的二叉树实现代码，并简要介绍常见的二叉树操作。同时询问用户是否需要针对特定功能的详细代码或解释，这样既能满足用户的初步需求，又能引导用户提供更具体的信息。,本次响应虽然考虑到了用户可能有具体的需求，但直接要求用户选择可能会让不熟悉二叉树概念的用户感到困惑。通过先给出一个通用的基础示例，可以帮助用户更好地理解问题范围，从而更准确地表达自己的实际需求。
2025-08-10T13:01:43.679103,青椒肉丝,青椒炒肉丝是一道常见的中式家常菜，主要食材为青椒和肉丝（常用猪肉、牛肉或鸡肉）。制作时将肉切丝腌制，青椒切丝或片，采用高温快炒的方式，使肉质鲜嫩、青椒清脆。调味简单，突出食材本味，色香味俱佳，适合家庭日常烹饪或餐馆菜品。,需要更好的理解用户意图,反思失败
2025-08-10T13:18:52.460018,你好,你好！有什么我可以帮助你的吗？,在用户首次打招呼时，除了常规的回应外，还可以增加一些个性化的问候或提供一些可能的兴趣点，以提高互动的友好度和吸引力。例如：'你好！很高兴见到你，今天天气不错呢，有没有什么特别的事情想要分享？或者有什么我可以帮到你的吗？',整体上，当前的回答是礼貌且恰当的，但缺乏一定的个性化和情感交流。通过增加更多的情感元素和开放性问题，可以更好地与用户建立联系，提升用户体验。
2025-08-10T15:13:03.288459,青椒肉丝,青椒炒肉丝是一道经典的中式家常菜，主要食材为青椒和肉丝（常用猪肉、牛肉或鸡肉）。其制作方法为高温快炒，保留食材原味，口感鲜嫩，色香味俱佳。调味简单，突出食材本味，适合家庭日常烹饪或餐馆菜品。青椒富含维生素C，肉类提供蛋白质，营养均衡。,需要更好的理解用户意图,反思失败
2025-08-10T15:25:30.295473,你好，你是谁,您好！我是Qwen，是阿里巴巴集团旗下的通义实验室自主研发的超大规模语言模型。我可以帮助您回答问题、创作文字、进行逻辑推理、编程等任务。如果您有任何需要帮助的地方，请随时告诉我！,需要更好的理解用户意图,反思失败
