timestamp,conversation_id,user_intent,user_requirements,analysis_insufficiency,summary,embedding_vector
2025-08-07T18:02:21.467422,,未知,请给我详细解释世界模型以及世界模型的最新研究进展,分析失败,无法解析分析结果,
2025-08-08T11:32:26.857456,,了解世界模型的概念及其工作原理,需要提供一个关于世界模型的详细解释，包括其定义、主要组成部分、应用场景以及它如何帮助理解和预测环境的行为。,用户的请求较为宽泛，没有具体指出是哪一领域的世界模型（如人工智能、哲学等），这可能导致解释时覆盖范围过大或不完全符合用户期望。,用户希望获得有关‘世界模型’的深入解析，但未明确指出关注的具体领域或类型。为了更好地满足用户需求，建议先确认用户感兴趣的特定方面。,
2025-08-08T11:34:47.567118,,了解关于世界模型的概念,需要对世界模型有一个详细的解释，包括其定义、原理、应用领域等,无明显的分析不足，用户的请求明确且具体,用户希望获得关于世界模型的全面信息，以增进对其的理解。,
2025-08-08T11:36:47.499377,,了解世界模型的概念和原理,需要对世界模型有一个详细的解释，包括其定义、工作原理、应用场景以及可能的发展趋势等,无明显的分析不足之处，用户的请求明确且具体,用户希望获得关于‘世界模型’这一概念的全面而深入的理解。这表明了用户对人工智能领域中较为高级的主题有着浓厚的兴趣，或者是在进行相关研究或学习。为了满足用户的需求，应当提供一个包含世界模型基本概念、技术实现方法、实际应用案例等内容的详尽回答。,
2025-08-08T11:39:20.833187,,用户希望了解世界模型的概念及其工作原理。,用户提供了一个明确的要求，即需要一个关于世界模型的详细解释。这可能包括世界模型的基本定义、其在不同领域（如人工智能、哲学等）的应用、以及它是如何构建和使用的。,从当前信息来看，没有明显的分析不足之处。但是，如果能知道用户对‘世界模型’的具体背景知识水平（例如是否熟悉相关技术术语），可以更好地调整解释的深度和复杂度，以满足用户的实际需求。,用户请求获得关于‘世界模型’的详尽解释，表明了他们对该主题有较深的兴趣或需要。为了提供最合适的帮助，了解用户的背景知识将有助于调整回答的内容和难度。,
2025-08-08T11:52:28.971731,,了解世界模型的概念,用户希望获得关于世界模型的定义、原理及其应用领域的详细解释。,当前信息不足以判断用户是否对特定类型的世界模型（如计算机科学中的世界模型、哲学中的世界模型等）感兴趣，或是否有特定的应用场景。,用户想了解世界模型的相关知识，但具体的需求范围不明确。可能需要进一步询问用户是希望从哪个角度或领域来理解世界模型。,
2025-08-08T11:54:01.693040,,了解世界模型的概念,用户希望获得关于世界模型的详细解释，可能包括其定义、原理、应用领域等信息。,由于用户提供的信息较为简略，无法准确判断用户具体想要了解哪个领域的世界模型（如哲学、计算机科学等）。,用户想了解世界模型的相关知识，但未明确指出关注的具体方面或领域。建议在回复时提供一个全面的概览，并询问用户是否对特定部分有更深入的兴趣。,
2025-08-08T11:56:35.245400,,了解世界模型的概念,用户希望获得关于'世界模型'的解释，可能包括其定义、原理、应用场景等信息。,用户输入较为简略，未能具体说明对世界模型哪方面感兴趣或需要何种深度的解释。,用户希望通过询问获取有关'世界模型'的基础知识，但由于信息量有限，建议在回答时覆盖该概念的基本面，并询问用户是否需要更深入地探讨特定方面。,
2025-08-08T11:58:17.072267,,了解世界模型的概念,用户希望获得关于'世界模型'的解释，可能包括其定义、应用领域、工作原理等基本信息。,从当前信息来看，无法确定用户具体想了解世界模型的哪个方面或深度。例如，是泛指的一般概念还是特定领域（如人工智能、哲学）中的专业术语。,用户希望通过查询获取有关'世界模型'的基本知识，但具体关注点不明确，可能需要进一步询问以提供更精确的信息。,
2025-08-08T12:00:32.822992,,了解世界模型的概念,用户希望获得关于'世界模型'的定义、原理及其应用领域的解释。可能对机器学习、人工智能或哲学中的世界模型感兴趣。,由于用户提供的信息有限，无法确定具体是哪个领域（如计算机科学、哲学等）的世界模型。此外，不清楚用户希望了解的深度和广度。,用户想要了解'世界模型'的相关知识，但具体领域和需求细节不明确，建议进一步询问用户的兴趣点以提供更精确的信息。,
2025-08-08T12:02:54.561445,,了解世界模型的概念,用户希望获得关于'世界模型'的具体解释，可能包括其定义、应用场景、工作原理等方面的信息。,用户的表述较为简略，未能明确指出对哪一方面的世界模型感兴趣（如哲学、计算机科学、心理学等领域的世界模型）。,用户想获取有关'世界模型'的知识，但需要进一步明确具体领域或方面以提供更精确的帮助。,
2025-08-08T13:36:46.809247,,了解或学习关于世界模型的概念,需要一个清晰、准确且易于理解的世界模型的定义及其在不同领域中的应用解释，可能还希望了解一些具体的例子来帮助理解。,用户请求较为广泛，没有具体指明是哪个领域的世界模型（如哲学、计算机科学等），因此难以提供针对性的回答。,用户想要获取关于世界模型的基本知识，包括其定义、用途及实例。但由于请求范围较广，建议先确定感兴趣的特定领域以获得更精确的信息。,
2025-08-08T15:52:48.044430,,了解或学习关于'世界模型'的概念,用户希望获得对'世界模型'这一术语的解释，可能包括其定义、应用场景、重要性等方面的信息。,用户的请求较为宽泛，没有具体说明是想了解哪个领域的世界模型（如哲学、计算机科学等），这可能导致提供的信息不够精确。,用户希望通过询问获取有关'世界模型'的基本知识。为了更好地满足用户的需求，在回答时可以先从广义上介绍世界模型的概念，然后根据不同的领域提供更具体的例子和应用。如果能进一步确认用户感兴趣的特定方面，则能提供更加针对性的帮助。,
2025-08-08T15:53:33.729265,,了解世界模型的概念,用户希望获得关于世界模型的定义、原理及其应用领域的详细解释。,用户的输入较为简略，未具体说明希望了解的世界模型的具体类型（如哲学、计算机科学等领域的世界模型）或关注点。,用户有意向深入了解世界模型的相关知识，但需要更多具体信息来明确其学习目标或兴趣点。建议询问用户是否对特定领域内的世界模型感兴趣，以便提供更精准的帮助。,
2025-08-08T16:51:47.565067,,了解'世界模型'的概念,用户希望获得关于'世界模型'的具体定义、作用以及相关应用领域的信息。,从当前问题来看，用户的背景知识不明确，不清楚用户是需要技术层面的解释还是泛指的概念介绍。,用户对'世界模型'这一概念表示了兴趣或疑问，寻求对其含义及其在不同领域中可能的应用有一个基本的了解。为了更好地满足用户的需求，可以先提供一个通用的定义，再根据用户的反馈调整后续提供的信息深度与方向。,
2025-08-08T17:06:24.489235,,未知,世界模型是什么,分析失败,无法解析分析结果,
2025-08-08T18:40:52.229441,,了解机器学习的相关信息,用户希望获得关于机器学习的全面介绍，可能包括定义、原理、应用领域、常见算法等。,用户的请求较为宽泛，没有具体指出希望了解机器学习的哪个方面或深度，这可能导致提供的信息过于广泛而不够深入。,用户对机器学习有浓厚的兴趣，希望通过获取详细的资料来增进对该领域的理解。建议根据用户的背景知识提供适合的介绍内容，同时可以询问用户是否有特别感兴趣的点，以便提供更加针对性的帮助。,
2025-08-08T19:07:02.841913,,用户希望获得关于深度学习的详细解释,用户需要了解深度学习的基本概念、原理、应用场景以及可能的技术细节等信息,从用户的问题中，我们无法得知用户对深度学习的已有了解程度，因此在提供解释时需要考虑到不同背景知识水平的用户,用户希望获取有关深度学习的全面介绍，包括但不限于其定义、工作原理、应用领域和技术细节。为了更好地满足用户需求，在提供信息时应考虑用户的现有知识水平，以确保内容既不过于浅显也不过于深奥。,
2025-08-08T19:47:23.355495,,未知,你知道 MCP 是什么吗,分析失败,无法解析分析结果,
2025-08-08T20:04:45.041963,,了解MCP的概念,用户希望获得关于MCP（多芯片封装）的详细信息，包括但不限于定义、工作原理、应用场景等。,当前信息不足以判断用户对MCP的具体方面或深度需求，例如是否关注技术细节、市场趋势或是与其他技术的对比等。,用户表达了对MCP这一术语的浓厚兴趣，期望获取全面且详细的介绍。然而，具体的需求点尚不明确，可能需要进一步沟通以确定用户最关心的内容领域。,
2025-08-08T21:30:21.294262,,了解云计算的基本概念,用户希望获得关于云计算的定义、工作原理以及可能的应用场景等信息。,无明显分析不足，用户需求明确。,用户明确表达了想要了解云计算概念的需求，没有提出具体的技术深度或应用场景限制，因此可以提供一个全面但不过于技术化的云计算介绍。,
2025-08-08T22:35:55.874650,,打招呼,用户可能只是礼貌性地开始了对话，没有具体的需求或问题。,由于信息量有限，无法准确判断用户的具体需求。,用户的输入'你好'表明他们可能是想开始一段对话。然而，基于当前的信息，我们无法进一步推测其详细需求。建议以友好方式回应并询问用户是否有需要帮助的地方。,
2025-08-09T11:31:28.093077,,查询或了解关于知识库的信息,用户可能希望获取有关知识库的定义、类型、用途或如何建立和使用知识库等信息。但具体需求不明确。,用户提供的信息过于简略，无法准确判断其具体需求点。,用户对知识库感兴趣，但需要更多背景信息来确定其确切查询目的。建议向用户提供知识库的基本概念，并询问其是否有特定方面的需求。,
2025-08-09T11:55:15.786548,,未知,蛋炒饭怎么做,分析失败,无法解析分析结果,
2025-08-09T11:55:55.352584,,了解蛋炒饭的制作方法,用户希望获取蛋炒饭的具体做法，可能包括所需材料、步骤说明等信息。,用户输入较为简单，没有明确指出需要哪种风味或特别的要求（如是否需要素食版本、是否对食材有特殊要求等）。,用户想学习如何制作蛋炒饭，但未提供具体偏好或限制条件。,
2025-08-09T11:59:25.838719,,未知,蛋炒饭怎么做,分析失败,无法解析分析结果,
2025-08-09T12:02:05.346925,,未知,蛋炒饭怎么做,分析失败,无法解析分析结果,
2025-08-09T12:07:23.484644,,获取辣椒炒肉的制作方法或相关信息,用户可能需要了解如何制作辣椒炒肉，包括所需材料、烹饪步骤等具体信息。也有可能是在表达对这道菜的兴趣或想要分享关于这道菜的经验。,由于用户提供的信息较少，无法准确判断是需要学习做法还是其他目的，例如寻找推荐餐厅或分享食谱。,用户表达了与'辣椒炒肉'相关的需求，但具体需求不明确，可能是寻求食谱指导、分享经验或是其他与该菜品有关的信息。,
2025-08-09T12:08:21.450757,,查询或获取辣椒炒肉的相关信息,用户可能想要了解如何制作辣椒炒肉，或者寻找辣椒炒肉的食谱、做法、所需材料等信息。也有可能是在特定场合下想要点餐。,用户的输入较为简单，没有明确指出具体的需求背景（如是想学做菜还是点餐），因此难以确定其确切意图。,根据用户提供的'辣椒炒肉'这一关键词，推测其可能对与之相关的烹饪方法或菜品介绍感兴趣，但因信息量有限，需进一步确认用户的具体需求。,
2025-08-09T12:09:40.912720,,询问或分享辣椒炒肉的做法,用户可能希望获得制作辣椒炒肉的具体步骤、所需材料或者烹饪技巧等信息。也有可能是想要分享自己做的辣椒炒肉，但根据上下文判断，更倾向于前者。,由于提供的信息较少，无法确定用户具体是想了解做法还是有其他目的，例如寻找特定风味的食谱或是解决在烹饪过程中遇到的问题。,用户提到'辣椒炒肉'，可能是在寻求该菜肴的相关信息，尤其是制作方法。为了更好地满足用户需求，可以先提供一个基础版的辣椒炒肉食谱，并询问是否有特别的需求或疑问。,
2025-08-09T12:11:44.232864,,查询或获取辣椒炒肉的相关信息,用户可能需要了解如何制作辣椒炒肉，包括所需的材料、步骤等。也有可能是在寻找关于辣椒炒肉的食谱，或者想要了解这道菜的营养价值、口味特点等。,用户的输入较为简单，没有提供具体的需求背景或目的，因此无法确定其确切意图是寻求食谱、制作方法还是其他相关信息。,基于用户提供的有限信息，可以推测用户对辣椒炒肉感兴趣，但需要更多上下文来准确判断其具体需求。建议进一步询问用户以明确其意图。,
2025-08-09T12:12:57.890454,test123,打招呼,用户可能只是礼貌性地开始对话，或想要引起注意进行进一步交流。,由于信息量较少，无法准确判断用户的详细需求。,用户发出的信息'你好'表明其意图是向对方问好，但没有提供足够的上下文来确定是否有更具体的需求。,
2025-08-09T12:13:52.900070,test456,获取辣椒炒肉的相关信息或做法,用户可能需要了解如何制作辣椒炒肉，包括所需的食材、步骤等，或者只是对这道菜感兴趣，想要了解更多相关信息。,用户的输入较为简短，没有明确表达具体的需求，如是想学做这道菜还是仅仅询问这道菜的特点等。,用户表达了对‘辣椒炒肉’的兴趣，但未具体说明需求目的。可能是寻求食谱，也可能是想了解这道菜的一般信息。建议进一步询问用户的具体需求以提供更精准的帮助。,
2025-08-09T12:15:14.572745,test456,获取辣椒炒肉的做法或相关信息,用户可能需要了解如何制作辣椒炒肉，包括所需的食材、步骤等详细信息。也有可能是想要了解这道菜的营养价值或者烹饪技巧。,由于用户提供的信息较少，无法确定用户具体的需求点，例如是初学者寻求简单做法，还是有特殊要求（如低盐、少油）的烹饪方法。,用户对辣椒炒肉感兴趣，可能是为了学习如何制作这道菜，但由于信息有限，需要进一步沟通以明确其具体需求。,
2025-08-09T13:31:19.330692,,获取辣椒炒肉的相关信息或做法,用户可能需要了解如何制作辣椒炒肉，包括所需材料、步骤等。也有可能是想要了解这道菜的特点、营养价值等。,用户的输入较为简短，没有明确指出具体的需求点，例如是想学习做法还是了解其他相关信息。,根据用户提供的'辣椒炒肉'这一信息，可以推测用户对这道菜有兴趣，但具体需求不明确，可能是寻求食谱、做法或是想了解更多关于这道菜的信息。,
2025-08-09T13:33:30.900389,test789,未知,你好,分析失败,无法解析分析结果,
2025-08-09T13:34:00.452594,test101,询问或分享辣椒炒肉的做法,用户可能希望获得制作辣椒炒肉的具体步骤、所需材料或烹饪技巧等信息。也有可能是在分享自己准备做的菜品，期待他人的建议或反馈。,由于用户提供的信息较为简单，无法准确判断是寻求做法还是分享计划，需要进一步询问以明确具体需求。,用户的输入'辣椒炒肉'表明了对这道菜的兴趣，但没有提供足够的背景信息来确定其确切目的。建议向用户提问以获取更多信息，以便更好地满足其需求。,
2025-08-09T13:34:56.203666,test101,询问或分享关于辣椒炒肉的信息,用户可能想要了解如何制作辣椒炒肉，或者寻求关于这道菜的做法、食材搭配、烹饪技巧等信息。也有可能是想分享自己做的辣椒炒肉，但根据当前信息无法确定。,用户提供的信息较少，无法准确判断其具体需求（如是否需要食谱、做法指导或是其他相关信息）。,用户提到'辣椒炒肉'，但未明确表达具体需求。建议进一步询问用户是需要学习如何做这道菜，还是有其他方面的疑问或分享。,
2025-08-09T13:43:46.519337,,获取辣椒炒肉的相关信息或做法,用户可能希望了解如何制作辣椒炒肉，包括所需的食材、烹饪步骤等。也有可能是想要了解这道菜的文化背景或者推荐一些好的食谱。,用户的输入较为简短，没有明确指出具体的需求点，比如是想要学习做法还是寻找特定风味的食谱。,根据用户的简短输入“辣椒炒肉”，可以推测用户对这道菜有了解的兴趣，但具体需求不明确，需要进一步询问以确定用户的具体需求。,
2025-08-09T14:11:26.133664,,查询或获取辣椒炒肉的相关信息,用户可能想要了解如何制作辣椒炒肉，包括所需的食材、步骤等；或者用户可能只是表达了一种饮食偏好，想要分享或讨论关于这道菜的话题。,由于信息量较少，无法准确判断用户的具体需求（例如是想学习做法还是分享喜好）。,根据提供的有限信息，可以推测用户对辣椒炒肉有兴趣，但需要更多上下文来明确其确切目的。,
2025-08-09T14:19:38.514231,test_log1,打招呼,用户可能只是礼貌性地开始了对话，没有明确表达具体需求。,由于信息量有限，无法准确判断用户的进一步需求或目的。,用户发出了问候，可能是为了建立沟通的开端。需要更多的信息来确定其具体需求。,
2025-08-09T14:20:42.608005,test_log1,打招呼,用户可能只是礼貌性地开始了对话，没有明确表达具体需求。,由于信息量有限，无法准确判断用户的进一步需求或目的。,用户发出了简单的问候，可能是为了建立沟通的开端。当前没有足够的信息来确定其具体需求。,
2025-08-09T14:20:46.435207,,未知,辣椒炒肉怎么做,分析失败,无法解析分析结果,
2025-08-09T22:10:00.934379,,寻求关于如何快速获得职业晋升和薪资提升的建议,用户希望了解具体的方法或策略，以便在职场中更快地实现个人发展，包括但不限于提高工作表现、增强专业技能、建立良好的人际关系等方面的具体措施。,用户的表述较为笼统，未提供具体的职业背景、当前职位、行业特点等信息，这可能会影响所提供建议的针对性与实用性。,用户希望通过有效的方式加速自己在职业生涯中的成长与进步，特别是在职位晋升和薪资待遇方面。为了给出更加精准的指导，需要进一步了解用户所在行业、职位等级及个人能力等具体情况。,
2025-08-09T23:13:23.081004,,未知,给我写一份 3000 字的计算机职业生涯规划书,分析失败,无法解析分析结果,
2025-08-09T23:28:34.879228,,未知,python 二叉树代码,分析失败,无法解析分析结果,
2025-08-09T23:38:55.314462,test_bst,请求获取关于如何使用Python语言实现二叉树数据结构的代码示例,用户需要一个具体的Python代码片段，该片段能够定义二叉树的数据结构，并可能包括基本的操作方法（如插入、查找等）。,用户的请求明确指出了所需的语言和数据结构类型，但没有具体说明是否需要额外的功能或特定的方法实现。此外，用户也没有提及对代码复杂度的要求。,用户希望获得一个用Python编写的二叉树数据结构实现的代码示例。虽然用户的需求相对清晰，但在功能细节和复杂度方面仍有待进一步明确。,
2025-08-09T23:40:39.642788,test_bst,未知,请提供Python实现二叉树数据结构的代码示例,分析失败,无法解析分析结果,
2025-08-09T23:57:14.753762,,未知,写一段 python 二叉树代码,分析失败,无法解析分析结果,
2025-08-10T12:59:24.385455,,查询或获取青椒肉丝的相关信息,用户可能想要了解青椒肉丝的做法、营养成分、所需食材等信息，但具体需求不明确。,用户输入的信息较为简短，无法准确判断其具体需求点，例如是想学习如何烹饪这道菜，还是对其中某个成分感兴趣。,根据用户提供的关键词'青椒肉丝'，可以推断出用户对该菜品有一定兴趣，但需要更多上下文来确定其确切的需求。,
2025-08-10T13:01:09.329662,,查询或获取青椒肉丝的相关信息,用户可能希望了解如何制作青椒肉丝，或者想要知道青椒肉丝的具体做法、所需材料、烹饪步骤等。也有可能是询问关于青椒肉丝的营养价值、口味特点等。,用户的输入较为简单，没有明确指出具体的需求点，如是需要食谱、营养信息还是其他相关内容。,用户对青椒肉丝有信息需求，但具体需求不明确，可能包括做法、材料、营养等多方面内容。建议进一步询问用户以明确其具体需求。,
2025-08-10T13:12:30.342324,,打招呼,用户可能只是想开始一段对话，或者测试系统是否在线。,信息量不足，无法确定用户的进一步需求。,用户的输入表明他们正在尝试与系统建立联系或进行初步交流。由于提供的信息有限，需要更多上下文来准确理解其具体需求。,
2025-08-10T13:18:30.195207,,未知,你好,分析失败,无法解析分析结果,
2025-08-10T15:12:32.298799,,查询或获取青椒肉丝的相关信息,用户可能需要了解青椒肉丝的做法、所需材料、烹饪步骤或营养成分等详细信息。,由于用户输入的信息较少，无法准确判断用户具体的需求点，例如是想学习制作方法还是寻找食谱推荐。,用户的意图可能是获取有关青椒肉丝的具体信息，但提供的信息不足以明确其具体需求。建议进一步询问用户以确定他们希望获得哪方面的内容。,
2025-08-10T15:25:05.046677,,了解机器人的身份,用户想要知道与之对话的机器人是谁，可能对机器人的功能、角色或背后的技术有所好奇。,用户的提问较为开放，没有提供具体背景信息或明确的需求点，因此难以进一步推测用户的深层次需求。,用户通过简单的问候语后询问'你是谁'，表达了对于对方（即聊天机器人）基本信息的兴趣。基于当前信息，我们只能做出基础层面的理解，若需深入了解用户的具体需求，则需要引导用户提供更多背景资料或提出更具体的问题。,
